{
  "backend\\prisma.config.ts": 1774038986.0975966,
  "backend\\test-tebeosfera.js": 1775255622.1290288,
  "backend\\src\\app.controller.spec.ts": 1775306427.2020884,
  "backend\\src\\app.controller.ts": 1775306427.2052605,
  "backend\\src\\app.module.ts": 1776022951.9328632,
  "backend\\src\\app.service.ts": 1775306427.2113178,
  "backend\\src\\main.ts": 1775306633.1742067,
  "backend\\src\\ai\\ai.controller.ts": 1775306427.1760747,
  "backend\\src\\ai\\ai.module.ts": 1774787276.7428107,
  "backend\\src\\ai\\ai.service.ts": 1776187498.955096,
  "backend\\src\\auth\\auth.controller.ts": 1775306427.2204773,
  "backend\\src\\auth\\auth.module.ts": 1775306427.2275715,
  "backend\\src\\auth\\auth.service.spec.ts": 1775306620.7118447,
  "backend\\src\\auth\\auth.service.ts": 1775306625.2431002,
  "backend\\src\\auth\\authenticated-request.interface.ts": 1774476626.8839335,
  "backend\\src\\auth\\dto\\login.dto.ts": 1774036383.1128218,
  "backend\\src\\auth\\dto\\register.dto.ts": 1774036379.235324,
  "backend\\src\\auth\\guards\\google-auth.guard.ts": 1775306427.2506258,
  "backend\\src\\auth\\guards\\jwt-auth.guard.ts": 1774036401.4294636,
  "backend\\src\\auth\\guards\\local-auth.guard.ts": 1774036397.6726727,
  "backend\\src\\auth\\strategies\\google.strategy.ts": 1775306427.257848,
  "backend\\src\\auth\\strategies\\jwt.strategy.ts": 1774472737.4144971,
  "backend\\src\\auth\\strategies\\local.strategy.ts": 1774036387.8678534,
  "backend\\src\\collection-series\\collection-series.controller.ts": 1776275876.8938718,
  "backend\\src\\collection-series\\collection-series.module.ts": 1775683536.0384867,
  "backend\\src\\collection-series\\collection-series.service.ts": 1776275872.2521043,
  "backend\\src\\collections\\collections.controller.ts": 1776023018.0064964,
  "backend\\src\\collections\\collections.module.ts": 1774036658.5739758,
  "backend\\src\\collections\\collections.service.spec.ts": 1775307282.380798,
  "backend\\src\\collections\\collections.service.ts": 1776109843.1680748,
  "backend\\src\\collections\\dto\\create-collection.dto.ts": 1776023021.5280633,
  "backend\\src\\collections\\dto\\update-collection.dto.ts": 1774036632.5820136,
  "backend\\src\\comics\\comics.controller.ts": 1775676514.3727653,
  "backend\\src\\comics\\comics.module.ts": 1774286165.481002,
  "backend\\src\\comics\\comics.service.spec.ts": 1775307282.380798,
  "backend\\src\\comics\\comics.service.ts": 1776023162.1219082,
  "backend\\src\\comics\\dto\\create-comic.dto.ts": 1776022964.2709649,
  "backend\\src\\comics\\dto\\query-comic.dto.ts": 1775683572.1362143,
  "backend\\src\\comics\\dto\\update-comic.dto.ts": 1774036554.9930103,
  "backend\\src\\isbndb\\isbndb.controller.ts": 1776023146.6588807,
  "backend\\src\\isbndb\\isbndb.module.ts": 1775326659.339705,
  "backend\\src\\isbndb\\isbndb.service.ts": 1775907655.0434415,
  "backend\\src\\isbndb\\dto\\search-books.dto.ts": 1775907511.6440337,
  "backend\\src\\isbndb\\dto\\search-common.dto.ts": 1775250477.5343485,
  "backend\\src\\isbndb\\interfaces\\isbndb.interface.ts": 1776367881.1217687,
  "backend\\src\\prisma\\prisma.module.ts": 1774036347.2585328,
  "backend\\src\\prisma\\prisma.service.ts": 1774036948.3310308,
  "backend\\src\\user-comics\\user-comics.controller.ts": 1776276962.5090432,
  "backend\\src\\user-comics\\user-comics.module.ts": 1775326627.6093903,
  "backend\\src\\user-comics\\user-comics.service.spec.ts": 1775326689.323239,
  "backend\\src\\user-comics\\user-comics.service.ts": 1776283550.2776608,
  "backend\\src\\user-comics\\dto\\add-comic.dto.ts": 1776198325.6208751,
  "backend\\src\\user-comics\\dto\\update-user-comic.dto.ts": 1776187743.656845,
  "backend\\src\\users\\users.controller.ts": 1776181516.9498954,
  "backend\\src\\users\\users.module.ts": 1774475361.0630305,
  "backend\\src\\users\\users.service.spec.ts": 1775306701.0088837,
  "backend\\src\\users\\users.service.ts": 1776181506.4952667,
  "backend\\src\\users\\dto\\update-profile.dto.ts": 1775306427.5847027,
  "backend\\test\\app.e2e-spec.ts": 1774034924.3258665,
  "frontend\\eslint.config.js": 1774045410.5311377,
  "frontend\\vite.config.ts": 1776027821.7977011,
  "frontend\\src\\App.tsx": 1774090726.9652958,
  "frontend\\src\\i18n.ts": 1776110425.0740724,
  "frontend\\src\\main.tsx": 1774475513.5879357,
  "frontend\\src\\api\\auth.ts": 1775404806.6927972,
  "frontend\\src\\api\\client.ts": 1775404800.936934,
  "frontend\\src\\api\\collection-series.ts": 1776275882.2130203,
  "frontend\\src\\api\\collections.ts": 1776023196.3639994,
  "frontend\\src\\api\\comics.ts": 1775683611.6955192,
  "frontend\\src\\api\\discover.ts": 1775924209.2687068,
  "frontend\\src\\api\\isbndb.ts": 1775251729.4249666,
  "frontend\\src\\api\\library.ts": 1776276978.8438656,
  "frontend\\src\\api\\series.ts": 1776016463.3351243,
  "frontend\\src\\api\\users.ts": 1776181570.2568824,
  "frontend\\src\\components\\PublisherGroupCard.tsx": 1775240995.85949,
  "frontend\\src\\components\\features\\AddCollectionBottomSheet.tsx": 1776193831.01524,
  "frontend\\src\\components\\features\\AddToCollectionDialog.tsx": 1776193306.8099089,
  "frontend\\src\\components\\features\\AddToSheet.tsx": 1776196920.323192,
  "frontend\\src\\components\\layout\\DashboardLayout.tsx": 1776187011.3276997,
  "frontend\\src\\components\\layout\\PageContainer.tsx": 1776200478.7389505,
  "frontend\\src\\components\\layout\\PageHeader.tsx": 1776112051.3732681,
  "frontend\\src\\components\\layout\\SectionHeader.tsx": 1776111856.0933266,
  "frontend\\src\\components\\theme\\ThemeProvider.tsx": 1774090682.6338456,
  "frontend\\src\\components\\theme\\ThemeToggle.tsx": 1774091120.3925967,
  "frontend\\src\\components\\ui\\avatar.tsx": 1774046358.8827014,
  "frontend\\src\\components\\ui\\badge.tsx": 1774472816.298289,
  "frontend\\src\\components\\ui\\breadcrumbs.tsx": 1775345292.1859553,
  "frontend\\src\\components\\ui\\button.tsx": 1775482292.6289184,
  "frontend\\src\\components\\ui\\card.tsx": 1776113213.1662624,
  "frontend\\src\\components\\ui\\dialog.tsx": 1774046359.142817,
  "frontend\\src\\components\\ui\\dropdown-menu.tsx": 1774046358.9981613,
  "frontend\\src\\components\\ui\\empty-state.tsx": 1776111860.5325034,
  "frontend\\src\\components\\ui\\input.tsx": 1774046358.2457483,
  "frontend\\src\\components\\ui\\label.tsx": 1774046358.3317175,
  "frontend\\src\\components\\ui\\select.tsx": 1776199777.8999393,
  "frontend\\src\\components\\ui\\separator.tsx": 1774046358.8127124,
  "frontend\\src\\components\\ui\\sheet.tsx": 1774289071.983207,
  "frontend\\src\\components\\ui\\skeleton.tsx": 1774046358.7491593,
  "frontend\\src\\components\\ui\\sonner.tsx": 1774046358.5087066,
  "frontend\\src\\components\\ui\\textarea.tsx": 1775482288.135923,
  "frontend\\src\\components\\ui\\tooltip.tsx": 1775346375.1199043,
  "frontend\\src\\contexts\\AuthContext.tsx": 1774475535.8180504,
  "frontend\\src\\hooks\\useBreadcrumbs.ts": 1775345284.3938127,
  "frontend\\src\\i18n\\index.ts": 1774475486.1922004,
  "frontend\\src\\i18n\\types.d.ts": 1774475487.5019646,
  "frontend\\src\\lib\\colorHash.ts": 1775337104.800782,
  "frontend\\src\\lib\\utils.ts": 1774046277.8450892,
  "frontend\\src\\pages\\CollectionDetailPage.tsx": 1776187982.5241444,
  "frontend\\src\\pages\\CollectionsPage.tsx": 1776111996.702692,
  "frontend\\src\\pages\\ComicDetailPage.tsx": 1776197439.0541952,
  "frontend\\src\\pages\\DashboardPage.tsx": 1776269833.8678577,
  "frontend\\src\\pages\\DiscoverPage.tsx": 1776114394.80168,
  "frontend\\src\\pages\\ExternalComicDetailPage.tsx": 1775686280.4975903,
  "frontend\\src\\pages\\LibraryPage.tsx": 1776368985.5665302,
  "frontend\\src\\pages\\SearchPage.tsx": 1776368820.0313952,
  "frontend\\src\\pages\\SeriesDetailPage.tsx": 1776286705.5321472,
  "frontend\\src\\pages\\SettingsPage.tsx": 1776181652.7633712,
  "frontend\\src\\pages\\auth\\auth.spec.ts": 1774188842.0226817,
  "frontend\\src\\pages\\auth\\AuthCallbackPage.tsx": 1774893944.2679443,